<beans xmlns="http://www.springframework.org/schema/beans"
    xmlns:xsi="http://www.w3.org/2001/XMLSchema-instance"
    xmlns:aop="http://www.springframework.org/schema/aop"
    xmlns:mvc="http://www.springframework.org/schema/mvc"
    xmlns:security="http://www.springframework.org/schema/security"
    xmlns:context="http://www.springframework.org/schema/context"
    xsi:schemaLocation="http://www.springframework.org/schema/beans http://www.springframework.org/schema/beans/spring-beans.xsd
    http://www.springframework.org/schema/aop http://www.springframework.org/schema/aop/spring-aop-3.0.xsd
      http://www.springframework.org/schema/mvc http://www.springframework.org/schema/mvc/spring-mvc.xsd
      http://www.springframework.org/schema/security http://www.springframework.org/schema/security/spring-security.xsd
     http://www.springframework.org/schema/context http://www.springframework.org/schema/context/spring-context-3.0.xsd ">
    <!-- bean definitions here -->
    
    
    
    <security:http auto-config="true" disable-url-rewriting="true">
    <security:intercept-url pattern="/" access="permitAll()"/>
    <security:intercept-url pattern="/resources/**" access="permitAll()"/>
    <security:intercept-url pattern="/**" access="isAuthenticated()"/>
    
    <security:form-login always-use-default-target="true"
    default-target-url="/"  username-parameter="username" password-parameter="password" 
    login-page="/" authentication-failure-url="/"  />
    
    <security:access-denied-handler error-page="/denied"/>
    <security:csrf disabled="true"/>
    
    <security:logout delete-cookies="true" invalidate-session="true"
    logout-success-url="/" logout-url="/logout"/>
    </security:http>
    
    
    <security:authentication-manager>
    <security:authentication-provider>
    <security:user-service>
    
    <security:user name="reports"  password="1234" authorities="ROLE_USER"/>
    <security:user name="dashboard"  password="1234" authorities="ROLE_DASHBOARD"/>
    <security:user name="admin"  password="1234" authorities="ROLE_ADMIN"/>
    
    </security:user-service>
    
    
    </security:authentication-provider>
    <!-- 
    <security:authentication-provider>
    <security:jdbc-user-service data-source-ref="datasource"
    users-by-username-query="select email,password,enabled from security_user where email=?"
    authorities-by-username-query="select email , role  from security_user_role where email=?"/>
    <security:password-encoder hash="bcrypt"/>
    </security:authentication-provider> -->
    
    </security:authentication-manager>
    
   
    
    
    
    
    
    </beans>