<beans xmlns="http://www.springframework.org/schema/beans"
    xmlns:xsi="http://www.w3.org/2001/XMLSchema-instance"
    xmlns:aop="http://www.springframework.org/schema/aop"
    xmlns:mvc="http://www.springframework.org/schema/mvc"
    xmlns:security="http://www.springframework.org/schema/security"
    xmlns:context="http://www.springframework.org/schema/context"
    xsi:schemaLocation="http://www.springframework.org/schema/beans http://www.springframework.org/schema/beans/spring-beans.xsd
    http://www.springframework.org/schema/aop http://www.springframework.org/schema/aop/spring-aop-3.0.xsd
      http://www.springframework.org/schema/mvc http://www.springframework.org/schema/mvc/spring-mvc.xsd
      http://www.springframework.org/schema/security http://www.springframework.org/schema/security/spring-security.xsd
     http://www.springframework.org/schema/context http://www.springframework.org/schema/context/spring-context-3.0.xsd ">
    <!-- bean definitions here -->
    
    <context:component-scan base-package="com.anil"/>
    <security:global-method-security secured-annotations="enabled"/>
    <mvc:annotation-driven/>
    <mvc:resources location="/resources/" mapping="/resources/**"></mvc:resources>
    
    <!-- 
    <bean id="viewResolver" class="org.springframework.web.servlet.view.InternalResourceViewResolver">
    <property name="prefix" value="/WEB-INF/pages/"></property>
    <property name="suffix" value=".jsp"></property>
    </bean>
     -->
     
     <bean id="viewResolver" class="org.springframework.web.servlet.view.tiles3.TilesViewResolver"/>
     
     <bean id="tilesConfigurer" class="org.springframework.web.servlet.view.tiles3.TilesConfigurer">
     <property name="definitions">
     <list>
     <value>/WEB-INF/tiles/tiles.xml</value>
     
     </list>
     
     </property>
     </bean>
    
    
    </beans>